,A,B,C,D
2000-01-01,-1.34524199542,-0.34611699627,0.0684951019779,0.199899958792
2000-01-02,-0.068618462704,-0.632239088294,1.435430318,1.80905571464
2000-01-03,0.144728442927,-0.2540279923,-0.609073463755,2.10419956842
2000-01-04,0.491979376004,-1.97477990893,-1.98665347052,3.26807655476
2000-01-05,0.525104195574,-2.74028229206,-2.32790607137,2.6996604305
2000-01-06,1.75584385973,-0.349695911436,-2.65473139935,1.58496083575
2000-01-07,2.46899316505,-1.89031993183,-1.8991654616,1.474453149
2000-01-08,3.47209920103,-1.94917034675,-2.75803629742,1.68667131881
2000-01-09,3.26578742313,-0.482682433123,-2.13059247732,0.199473570463
2000-01-10,3.82531692577,0.956614120197,-2.09148604672,-1.54225188618
2000-01-11,3.26283112819,-0.317528636412,-3.4468243639,-1.59911537534
2000-01-12,1.1814789011,0.706836756601,-2.49482929124,-3.33772688698
2000-01-13,-0.529392066699,0.700441822554,-2.38478930391,-3.98416609062
2000-01-14,-0.907287891643,0.689258126503,-2.59858597218,-3.78875189329
2000-01-15,-0.787153429889,0.294367630533,-0.732492887993,-3.82366248504
2000-01-16,-1.18894454824,-0.097771863287,1.10910907748,-4.20583619016
2000-01-17,-3.57901951906,-1.45476732481,-0.936637534746,-4.09234213371
2000-01-18,-4.54656969205,-1.82319461845,-1.83200897824,-5.09652106711
2000-01-19,-4.58371331239,-2.62844096588,-1.57216735299,-5.46677582477
2000-01-20,-5.71339900517,-1.04002451671,-0.657931504945,-5.80321875002
2000-01-21,-3.97940282701,-2.65006486783,0.826096836285,-5.15819157669
2000-01-22,-4.78756253807,-1.92616269013,1.46362917288,-5.25857590398
2000-01-23,-5.84453281914,-2.49412693424,1.20449910972,-6.84933448258
2000-01-24,-5.53881624217,-1.94752462782,-0.158143778229,-8.18794037034
2000-01-25,-4.9368008169,-3.65216543452,-0.581940092499,-9.058681399
2000-01-26,-5.10678973713,-3.33174992829,1.8872909056,-9.41143478123
2000-01-27,-5.88747500797,-2.1223984007,1.51012661184,-8.00885797099
2000-01-28,-3.9870344647,-1.3325099532,2.10554237779,-8.34044366728
2000-01-29,-3.48825626646,-2.4110732844,2.26434204766,-6.30092240992
2000-01-30,-2.69184479937,-2.87934773645,4.62437600331,-5.52547087706
2000-01-31,-3.25625976246,-4.09213917163,4.76605437905,-6.37240448724
2000-02-01,-3.2532926878,-4.71096299749,4.96189726045,-8.0471490811
2000-02-02,-3.74688324824,-4.57744423077,6.18529503314,-7.84098906746
2000-02-03,-2.29311981574,-5.17404714473,5.04321520578,-8.92316660044
2000-02-04,-2.96430204141,-4.49127491229,4.64901777442,-8.06568037694
2000-02-05,-4.73928090547,-4.00357312322,4.88442419606,-8.27574335432
2000-02-06,-5.85338370343,-4.47859823542,4.54098154431,-8.91765165971
2000-02-07,-6.241919548,-3.33113316913,3.80998433973,-9.74182227344
2000-02-08,-6.30071439631,-2.62300689489,1.74102812675,-7.10744526637
2000-02-09,-4.6638686995,-3.18420631601,2.133726518,-7.28380791114
2000-02-10,-4.77547872851,-4.21953426025,1.25351020923,-7.27104684405
2000-02-11,-5.45471674707,-6.12658375952,1.75244269314,-7.47740473398
2000-02-12,-5.86852178703,-7.14264532153,1.34180097789,-9.12965582734
2000-02-13,-6.34651489192,-7.90780376187,2.03452207853,-10.940553295
2000-02-14,-6.62273427696,-10.1976658884,4.82507837104,-9.61391596084
2000-02-15,-6.87060528047,-11.8140047018,4.92433621041,-9.12078507702
2000-02-16,-7.14255873347,-10.9345996495,5.45776965471,-9.63472258792
2000-02-17,-9.21916619989,-9.90934757195,2.85064901281,-10.2950665588
2000-02-18,-9.30324369606,-10.3086272141,2.27892759329,-10.8007443044
2000-02-19,-9.74903657541,-10.4263693137,2.5205207595,-9.94498754212
2000-02-20,-8.2271093456,-9.98285207408,2.68679711333,-8.98880033504
2000-02-21,-9.00353005443,-9.50034973636,1.05070842343,-9.24974606055
2000-02-22,-6.94815258333,-8.06943091413,-0.149827297098,-9.33788786718
2000-02-23,-5.60000515523,-8.34361973586,-0.973295497252,-9.7231208076
2000-02-24,-6.01302066695,-5.84073991345,-0.458440822089,-7.61842843081
2000-02-25,-5.90948617463,-7.68087174263,-0.28852917309,-10.0672295653
2000-02-26,-8.39196902874,-8.67621547953,2.15504462512,-10.2332484356
2000-02-27,-6.82121630814,-7.89996747521,2.7015272373,-9.19258650194
2000-02-28,-6.73354470844,-8.93313337549,4.2078937671,-9.68681952797
2000-02-29,-7.34040080141,-10.5236995181,5.20173403238,-8.19705231313
2000-03-01,-9.30185981429,-9.98244559919,4.2553686198,-6.66773570802
2000-03-02,-7.93960893718,-9.71761260085,5.82101200802,-7.42668849865
2000-03-03,-8.07699669711,-9.89778812838,6.45987721915,-8.21530802312
2000-03-04,-7.34487191532,-7.96954919432,6.99165396863,-9.48430587055
2000-03-05,-6.33146443826,-7.85822510325,6.82745182304,-9.72242575246
2000-03-06,-5.58909953542,-8.14289820054,7.51731248664,-9.43956091565
2000-03-07,-4.73606748029,-7.42801091395,7.21682264801,-9.7961740022
2000-03-08,-3.35785814462,-6.87279398688,7.98233173862,-9.28059170928
2000-03-09,-5.06071370958,-7.46087749113,7.01021853595,-9.35530582848
2000-03-10,-4.79671797614,-9.38963970436,6.46567731851,-9.48168012021
2000-03-11,-3.70511090308,-9.99203574195,7.50850347427,-8.67627905144
2000-03-12,-4.44515374449,-9.06590545185,7.0217802083,-9.70436949271
2000-03-13,-5.96719312416,-9.69999199168,7.21470775755,-11.3675182098
2000-03-14,-6.53918144284,-8.34893819904,5.67733121153,-12.0723330198
2000-03-15,-6.73423773514,-7.01358214714,5.84887660611,-11.2357073113
2000-03-16,-7.70993216763,-7.48550715833,6.63824603407,-11.2821575487
2000-03-17,-7.56775365018,-6.74834602518,7.57811556638,-11.8961881074
2000-03-18,-6.47082498643,-6.46032533956,5.31362695873,-11.1050228603
2000-03-19,-7.61549789334,-5.36047333345,5.51250781966,-11.4851001019
2000-03-20,-6.83910234138,-6.09974677698,6.13322943119,-11.1900525931
2000-03-21,-6.39717902242,-7.65284222732,6.2479222674,-11.8863269069
2000-03-22,-6.45072057246,-5.39161993223,5.04169689319,-12.6966328751
2000-03-23,-6.92979439417,-3.85185182697,5.49832412622,-11.6222972151
2000-03-24,-6.98538102471,-3.26616333454,5.78319046365,-12.1291288434
2000-03-25,-6.91026120525,-3.35871583147,6.05348736722,-13.1739720724
2000-03-26,-7.02440293713,-3.88458454857,5.9788423594,-13.5077088042
2000-03-27,-7.88216866171,-2.93702078598,6.20757418839,-13.4009044233
2000-03-28,-9.93796623319,-2.88177124093,6.41299582842,-13.3363353781
2000-03-29,-8.98873582018,-2.18360511399,5.38244215633,-13.5170925766
2000-03-30,-7.82609634035,-3.47020007163,5.84646868585,-13.3621408002
2000-03-31,-8.71637110286,-3.91514932001,6.59199405066,-13.0818422646
2000-04-01,-8.10801384978,-4.75476483641,7.35746308438,-14.3854525042
2000-04-02,-9.13827011874,-5.27631711047,7.43168136657,-14.4631688332
2000-04-03,-9.64543323107,-6.80845704077,7.88602974935,-14.9764983462
2000-04-04,-10.3674392487,-6.18189663513,8.58170230563,-16.8719535566
2000-04-05,-10.381957717,-6.46737031659,8.56747598706,-16.5132226098
2000-04-06,-9.6345169937,-6.85261129135,7.56597253088,-17.3145344423
2000-04-07,-8.35491267724,-5.80423743079,7.6507271576,-15.8185453414
2000-04-08,-8.57492825942,-7.17470620721,7.13112046346,-16.0192634835
2000-04-09,-7.18663862066,-7.49435887494,7.45973882725,-16.588739532
2000-04-10,-6.17495534748,-6.48379381211,7.77505880324,-16.868860958
2000-04-11,-8.03869096347,-5.95788471571,7.73889083924,-16.0489970346
2000-04-12,-9.54469051138,-5.17613589537,8.98541299557,-16.5886088722
2000-04-13,-9.6560874185,-7.06989111326,9.07743599728,-16.7496175691
2000-04-14,-10.412545663,-7.68308786835,10.0249958686,-15.9353415772
2000-04-15,-10.5000881833,-9.38879536034,11.0078988186,-14.9147722066
2000-04-16,-10.5963683673,-10.3187897898,10.7090398412,-15.377842287
2000-04-17,-11.8626128272,-10.2351173289,11.7233967603,-12.4652366681
2000-04-18,-12.2829665411,-11.8563984835,13.6915798035,-11.8429863454
2000-04-19,-13.244157339,-11.7901422633,13.0328891306,-12.0142722958
2000-04-20,-13.1652950579,-11.0431474095,14.2486934517,-10.9604327137
2000-04-21,-13.5632874372,-11.0753264653,14.0276694474,-9.92748024105
2000-04-22,-13.1636918239,-11.9109748878,14.8022628394,-9.80392187058
2000-04-23,-12.5008322969,-11.2696062947,15.8245766147,-10.2088050862
2000-04-24,-13.4301697195,-10.6229867686,15.7617416344,-11.9302159129
2000-04-25,-13.9519508193,-8.93085328217,16.136478134,-12.4580038993
2000-04-26,-13.5029169091,-9.37776866339,15.9663363195,-11.329782302
2000-04-27,-13.004004526,-10.0993193556,15.080869741,-11.399557553
2000-04-28,-11.9612972758,-10.4141711201,15.6643684301,-11.1643578535
2000-04-29,-12.8147712799,-9.35780575514,17.7472648902,-10.4646078199
2000-04-30,-14.2790876985,-10.6284588168,16.766452912,-10.8056532286
2000-05-01,-13.7186785873,-10.9778994217,16.0561290151,-11.9680222763
2000-05-02,-14.5160628816,-11.4504944177,15.4905215651,-13.5996025162
2000-05-03,-14.9662411625,-11.6052163156,16.7100839029,-12.3577578252
2000-05-04,-15.6222695854,-14.5878093221,16.607348407,-12.9801224399
2000-05-05,-15.6833962609,-13.6656633505,16.1890362214,-12.1482259036
2000-05-06,-15.2927334306,-12.3032760453,15.8970858397,-13.6553143785
2000-05-07,-15.7129277579,-15.0759419853,15.6137722678,-14.1935451506
2000-05-08,-15.7279323419,-14.7073267025,15.4082451692,-13.7391452224
2000-05-09,-16.0452341094,-13.1530743721,14.0712619474,-15.6897134088
2000-05-10,-16.0824465719,-13.1787424217,13.6517113869,-14.1187033618
2000-05-11,-14.67165752,-15.0841635462,13.9947282693,-15.0053675965
2000-05-12,-13.1717287179,-14.1954916246,12.9389179794,-15.1555199811
2000-05-13,-11.3909498841,-13.4786603228,13.1474912178,-15.5152051455
2000-05-14,-11.254246414,-12.8806403251,11.9894501575,-15.7398053868
2000-05-15,-10.700367964,-10.8418584564,12.2234881382,-15.0067364778
2000-05-16,-10.808584536,-12.3514039441,12.5995241137,-14.9695323101
2000-05-17,-10.9598265249,-12.5192657459,12.0320636137,-14.0394585907
2000-05-18,-11.5389691564,-12.363806914,11.1919075044,-14.8489790644
2000-05-19,-10.627172104,-13.0793556838,11.7243462051,-15.3302534545
2000-05-20,-11.305566787,-13.8607277986,12.1543920695,-13.7822564515
2000-05-21,-10.812162776,-14.1616150902,12.5199008766,-15.4376889792
2000-05-22,-11.5182651621,-14.2179735423,13.3435504193,-15.0410243325
2000-05-23,-10.819053491,-14.5396699076,12.8092940425,-16.3870681507
2000-05-24,-8.28823210518,-12.1869276613,12.4324263066,-16.298581065
2000-05-25,-8.79380927885,-10.919687687,10.8547711063,-15.4450908121
2000-05-26,-9.26713967736,-10.6767264534,12.148717293,-16.234186394
2000-05-27,-8.29396945798,-9.62750556218,12.8396712316,-15.6642756514
2000-05-28,-9.1092772052,-9.4371267772,12.9448647858,-15.2344265129
2000-05-29,-9.21967817915,-9.36164839096,11.5238037566,-13.70840548
2000-05-30,-9.01748088493,-9.38903602512,12.5709626889,-13.473789796
2000-05-31,-8.81471980865,-9.04937770949,12.3554851864,-12.6257641552
2000-06-01,-9.34083438798,-9.28537113184,11.1336974707,-9.47385325474
2000-06-02,-8.41308089213,-8.5398450132,11.4924753925,-9.91157161877
2000-06-03,-8.01428426071,-9.11719361083,11.1471214424,-9.11287514841
2000-06-04,-8.96487151922,-9.73157818066,11.7844504937,-8.27384317536
2000-06-05,-8.4164329136,-10.3271913083,11.7155499257,-8.08826119252
2000-06-06,-7.47605888992,-11.4993597581,12.9685006485,-7.59683124406
2000-06-07,-8.42241173409,-9.83126231114,13.8807595968,-7.65914992909
2000-06-08,-9.04622411873,-9.77344433247,13.5938389393,-5.99698227614
2000-06-09,-9.29602107321,-10.7595289495,13.5274597881,-6.57466925162
2000-06-10,-9.14547103209,-11.3440030302,12.7907577208,-7.26562221898
2000-06-11,-11.1400856269,-10.9480710813,13.9464771019,-8.77347880143
2000-06-12,-11.4711153315,-12.6283926384,14.4743729757,-8.77874136559
2000-06-13,-12.7308093481,-13.1378384852,14.7399204289,-8.78977122928
2000-06-14,-13.0880981456,-14.5098244325,15.1300510697,-9.85442023457
2000-06-15,-11.7751499413,-14.0999498946,15.9188271522,-10.3344722245
2000-06-16,-9.82023781679,-15.4072293211,16.3842874769,-10.2997270307
2000-06-17,-8.99121423944,-15.6167165472,16.8845215349,-9.86941878355
2000-06-18,-8.03368202301,-16.0001736196,15.8957501727,-10.6980672497
2000-06-19,-8.17144569021,-16.4372260377,14.6427396892,-9.63891960814
2000-06-20,-9.11093566703,-16.6921212663,13.4202616243,-8.95051760774
2000-06-21,-9.32206919726,-18.1094316824,11.7760253382,-8.59085686673
2000-06-22,-9.98617704993,-16.7946746752,10.7099988778,-8.56046814136
2000-06-23,-8.99319686131,-15.2174410945,12.1843279939,-7.08255177084
2000-06-24,-10.0051227208,-13.8236154494,12.7389700408,-6.84639063694
2000-06-25,-7.9083909489,-15.2052609973,12.7358196405,-6.32926092432
2000-06-26,-7.87077731492,-16.2591544037,12.1906920367,-6.6948792558
2000-06-27,-6.76854680375,-17.1097056064,11.8967676927,-5.25458968227
2000-06-28,-5.74208470731,-18.1119328769,11.8685121593,-6.11807630644
2000-06-29,-4.78779128517,-19.3145104981,11.917618984,-4.97635549264
2000-06-30,-5.42319603786,-19.2084916263,12.2492950439,-7.03142225133
2000-07-01,-5.07619814047,-18.50384135,13.2753076059,-6.95199096815
2000-07-02,-6.23520609029,-19.811871889,13.4495380271,-5.56471605312
2000-07-03,-5.94275626562,-20.0820614717,13.1358322888,-4.74723439328
2000-07-04,-6.66085648379,-20.4418927099,14.0859430967,-4.00082111637
2000-07-05,-7.47143686363,-20.0236753657,13.4942013274,-3.74821066021
2000-07-06,-8.8793208608,-18.6681554548,13.7316762054,-3.53553554206
2000-07-07,-8.96558172393,-19.024214304,14.0084509173,-2.49739240141
2000-07-08,-8.67982412673,-20.021734929,16.1475722051,-2.92541917312
2000-07-09,-8.05657723873,-17.6832372399,16.2246853501,-3.35625267215
2000-07-10,-7.43164001122,-18.501510138,15.1447979332,-4.01630281322
2000-07-11,-8.89647544508,-16.7146785722,17.0512978276,-3.91922210405
2000-07-12,-8.37295801063,-14.9769138859,18.3237892635,-4.46802625132
2000-07-13,-8.62948327377,-16.6967180271,18.1865052353,-4.30908908525
2000-07-14,-9.08746049918,-17.035557556,18.5704773682,-3.14324341417
2000-07-15,-10.4577086967,-16.5921708279,17.1830877223,-3.64974507659
2000-07-16,-11.2226655769,-15.8242895669,18.4086413269,-3.55939631071
2000-07-17,-10.3384401022,-17.0434210066,17.0723155525,-3.09331817321
2000-07-18,-10.1465379604,-17.3739107056,17.7350600727,-2.17260689
2000-07-19,-10.0470040867,-16.0412589637,17.4222439096,-2.57513872951
2000-07-20,-9.34128137453,-15.0944985202,17.1564823283,-3.04486184235
2000-07-21,-8.48593495892,-15.0243806015,18.2008524266,-4.36455606461
2000-07-22,-8.29333205868,-15.1042159612,18.1851509404,-5.28854509892
2000-07-23,-9.43370446015,-14.5131752488,19.927196091,-6.53683200255
2000-07-24,-9.20955354447,-15.5346660467,18.7497474622,-6.86285189511
2000-07-25,-8.40284517251,-14.9599169358,20.4726211456,-6.76449221032
2000-07-26,-9.62235650926,-13.4475287454,21.5739856292,-6.23170189611
2000-07-27,-9.52045502695,-14.187505504,23.4978295846,-7.88393582134
2000-07-28,-9.27085224228,-14.0562979764,24.2401355608,-8.56830112964
2000-07-29,-8.20188685503,-13.9308125549,25.4345293028,-9.28860093337
2000-07-30,-7.8743043673,-13.1503338722,25.5104161262,-9.7853024217
2000-07-31,-7.60871456726,-11.4916675282,25.3475409422,-9.74275742521
2000-08-01,-6.53375976694,-11.8940669967,25.3685687896,-9.77901953529
2000-08-02,-6.75669616848,-11.8213608183,25.8415336111,-10.4726073447
2000-08-03,-7.54929051373,-10.392573672,26.2922331223,-10.1226075311
2000-08-04,-8.77997252317,-10.4101555013,28.4912389004,-10.9292659695
2000-08-05,-9.52781128445,-9.66241751154,27.6540432473,-12.0168805722
2000-08-06,-9.96043080014,-10.0157942789,27.8992399576,-13.1012049123
2000-08-07,-10.1435257386,-10.0078389033,26.2729506032,-11.8443016321
2000-08-08,-11.0749641914,-9.09858723624,27.7926457405,-14.0222292285
2000-08-09,-9.75745340704,-11.3601964653,28.0728260089,-13.026483157
2000-08-10,-10.1252046276,-12.5637272836,29.0486083745,-11.1930192129
2000-08-11,-10.6705517202,-12.07436356,30.208152487,-10.0355880133
2000-08-12,-11.0314028395,-11.1463548811,31.481111703,-10.1383071295
2000-08-13,-10.8593531173,-11.6726569915,32.4410150258,-8.9727505265
2000-08-14,-10.2865117022,-11.1610977066,31.3751940804,-10.034045111
2000-08-15,-9.93762373382,-11.8925254318,31.0256351729,-8.16818528896
2000-08-16,-11.1090733249,-10.6262897724,32.2567290348,-7.27490881957
2000-08-17,-11.60257585,-10.3369272811,33.4247951474,-7.51670371439
2000-08-18,-12.1104763285,-10.2398587669,34.1989239903,-7.01733469585
2000-08-19,-10.9195329598,-11.8709714713,35.9108077648,-9.09372260617
2000-08-20,-11.4510220037,-11.190137428,35.9506064038,-9.8918312759
2000-08-21,-11.3946049111,-10.6271391153,37.0812736534,-9.09475537658
2000-08-22,-8.62246056889,-9.59907419575,36.0619323654,-9.09694368161
2000-08-23,-9.90459052367,-10.9862945601,36.0498760469,-8.40743110819
2000-08-24,-11.3951229644,-10.3635765972,36.4286664323,-9.18559923782
2000-08-25,-11.6688627351,-7.77707513486,36.6767233176,-7.79244769181
2000-08-26,-12.3461698847,-7.15160993468,35.8446804793,-9.76756040163
2000-08-27,-12.7144180149,-5.7187814084,34.5590352161,-9.47066596148
2000-08-28,-14.7536688231,-4.36868098648,32.6764173017,-10.5636168163
2000-08-29,-13.7966591289,-5.63715608789,34.1010396843,-10.6036770591
2000-08-30,-12.479588846,-5.62308203797,31.021283881,-9.06820051493
2000-08-31,-13.1148195519,-6.07009966533,31.1615897134,-8.51013796594
2000-09-01,-13.9965308535,-6.50929850375,28.9010229484,-9.87784983008
2000-09-02,-14.1426078357,-4.69419506162,26.8354182361,-8.89915535808
2000-09-03,-14.0461558957,-3.49794748881,27.1099889671,-7.71426208417
2000-09-04,-14.6730717897,-5.4151581447,26.6609953814,-6.97050497284
2000-09-05,-14.5027100227,-4.99055179894,28.0743814674,-5.28191256869
2000-09-06,-15.2091051718,-5.40917456255,27.5997260614,-5.15653911116
2000-09-07,-13.8498145541,-5.22708819137,27.4318160944,-5.72214694087
2000-09-08,-12.4456557675,-4.7029772066,26.2960717067,-4.39004318688
2000-09-09,-13.8896692929,-4.30859300663,25.0846549411,-4.86173092033
2000-09-10,-14.6644272445,-3.05629253406,26.7759518478,-5.23507726772
2000-09-11,-14.0080751797,-1.21256270495,28.0651390211,-4.40950446189
2000-09-12,-13.8798229283,-1.90984579872,28.7618346743,-4.49210368915
2000-09-13,-14.477882751,-1.39188039122,29.2084775929,-3.88072284657
2000-09-14,-16.0000987943,-2.78955021895,29.6146871761,-4.38059868867
2000-09-15,-18.0499852939,-3.2008723484,29.1206578654,-5.48055407879
2000-09-16,-18.2013640884,-2.89378961672,29.7428247121,-6.35679491604
2000-09-17,-18.7036397268,-3.07537697598,28.8941709485,-6.59786116792
2000-09-18,-18.127712201,-4.31692338397,29.189770594,-5.97627667477
2000-09-19,-17.2490972441,-5.7016659967,29.0902127209,-5.70318367809
2000-09-20,-17.6976002016,-5.02807281325,28.5054594601,-6.32976683218
2000-09-21,-19.5871389673,-5.36534461058,27.7818904202,-7.21222541083
2000-09-22,-19.4592757228,-6.24254679553,27.6241173978,-6.07839092216
2000-09-23,-19.156448846,-7.47428921722,29.534893949,-6.67337473949
2000-09-24,-19.7729249525,-5.97839355455,30.0682019458,-6.96497682385
2000-09-25,-19.862881175,-6.28916047219,30.7171424988,-7.30861382853
2000-09-26,-20.1997478465,-6.02707093103,30.9268797101,-7.31314802477
2000-09-27,-19.9167160527,-6.3093810923,31.4758263784,-7.64470273473
2000-09-28,-20.3152179762,-7.36957767684,33.1025676932,-7.06788766568
2000-09-29,-21.4007794307,-5.36833508376,32.7260271735,-7.73225984203
2000-09-30,-22.5975708157,-5.06760659631,33.2657321498,-9.32864825252
2000-10-01,-23.4904158844,-5.95885733554,31.9433218736,-8.87354631551
2000-10-02,-22.8683798481,-6.07447506535,32.7594745189,-9.78943463456
2000-10-03,-24.0029031162,-5.02782219866,33.1199794838,-9.68232842339
2000-10-04,-24.0365528198,-6.5688041589,33.5808150807,-8.80437305568
2000-10-05,-23.1333052786,-6.67812430381,32.6496997205,-7.57259784261
2000-10-06,-23.2822444701,-4.84262576049,33.672428978,-6.51473574726
2000-10-07,-22.7282942496,-5.48428620909,33.7369395866,-7.65869428658
2000-10-08,-22.3762713385,-3.99344335149,33.8317481093,-7.43431540101
2000-10-09,-22.7237049387,-1.76708358273,33.4456513919,-5.81547744363
2000-10-10,-23.2109190016,-1.53241190606,32.435935079,-7.14290241209
2000-10-11,-23.167838208,-1.42280998204,33.0253459527,-7.13265170087
2000-10-12,-22.9069563047,0.267592764929,31.5136929354,-5.32093038941
2000-10-13,-21.5125296931,0.235087589365,32.8820193682,-4.95151749012
2000-10-14,-19.62262051,1.70886153141,33.5930310208,-3.32013376026
2000-10-15,-20.3216849814,1.65279299783,32.5866535607,-1.4195019277
2000-10-16,-20.8409764745,2.16327684075,32.7309114712,-2.40144513147
2000-10-17,-20.5075660648,2.32588279059,34.5963105531,-2.38647105185
2000-10-18,-21.0705208837,2.07152963818,35.3455408393,-3.39792143469
2000-10-19,-21.3697459757,2.38940375567,34.3480414455,-4.56407718002
2000-10-20,-22.5411095655,1.67665647915,33.1968652879,-4.68048393167
2000-10-21,-20.3041534822,-0.283073354074,31.0573465471,-5.37942547836
2000-10-22,-19.802908032,-0.362319615078,31.2344460127,-6.48991245582
2000-10-23,-19.4317176564,-0.701200241744,30.5028311667,-6.90439603486
2000-10-24,-19.9245687962,-2.56642092355,32.0794585232,-7.34332876521
2000-10-25,-19.8013316463,-2.18101546978,32.8664987339,-7.9353043471
2000-10-26,-19.8323605478,-1.64195992668,35.9150856112,-9.38509786572
2000-10-27,-19.9200693999,-1.86032191145,36.50716723,-8.33891520457
2000-10-28,-18.2519889513,-2.15109908214,37.0467025039,-9.44096487571
2000-10-29,-17.2693112511,-2.23994023399,37.761133936,-9.61087382473
2000-10-30,-14.8207983715,-2.00858571263,37.0746669698,-9.31145792622
2000-10-31,-16.2827634846,-0.782038855128,36.2106361866,-9.45534984974
2000-11-01,-16.1488764499,0.245233605043,36.2174913253,-8.35161110439
2000-11-02,-15.7456436606,-0.624008123997,35.6224218988,-7.55720683857
2000-11-03,-17.1052640868,-2.86069616466,34.3389759979,-8.93690603645
2000-11-04,-16.8513051894,-3.09908898347,33.8316297871,-8.68829843544
2000-11-05,-18.3693120454,-1.189708681,34.3457124065,-9.08686142239
2000-11-06,-18.0647212922,-1.63890429375,35.6084053265,-10.0752971183
2000-11-07,-19.1877453037,-0.551376222898,35.3879345902,-10.0869943622
2000-11-08,-18.0056869838,-0.518081542715,34.6768863829,-11.4588037088
2000-11-09,-16.5607524241,-0.235560645404,35.244075287,-11.8339772539
2000-11-10,-16.0491671977,-0.898702038475,34.3546286592,-10.2724609794
2000-11-11,-16.0076315112,0.200108402645,35.4190868916,-11.1095546915
2000-11-12,-15.9080046662,0.945854824477,34.9328660371,-10.0427522848
2000-11-13,-16.0670393081,0.120655852845,34.3532636235,-12.1818103899
2000-11-14,-16.34278696,-0.841790205564,34.768557027,-12.3072431862
2000-11-15,-15.8690385739,0.075879385926,33.7382563653,-12.3747238264
2000-11-16,-16.9641441771,0.694750593896,33.7328853755,-12.8273593339
2000-11-17,-14.6794980208,0.282085851182,33.1467769497,-12.6975293548
2000-11-18,-13.3741431396,-1.00246479099,33.1812291213,-13.3083929501
2000-11-19,-13.2893241642,-1.36322543237,32.4148511918,-11.0587385608
2000-11-20,-13.1425763875,-1.3063573763,31.1069173081,-11.7417840673
2000-11-21,-13.0760085977,-2.04503006518,32.734463273,-13.0149053042
2000-11-22,-11.9270895834,-1.24779811701,34.3508770683,-13.6455052665
2000-11-23,-11.7424810016,-1.04228964956,32.7790517075,-12.9577537666
2000-11-24,-11.1191139027,-1.56537546541,34.1073237784,-13.1468819214
2000-11-25,-11.8192823508,0.0432342816322,33.8723364234,-12.5846727317
2000-11-26,-10.7566785213,-0.861005425498,34.2676391599,-12.1465505673
2000-11-27,-10.5590348955,-1.97028212851,33.5589861484,-12.3926998487
2000-11-28,-11.1043512085,-1.89714203506,32.6405254579,-12.5061713432
2000-11-29,-11.6444453308,-1.04529961167,31.8904810817,-13.196652588
2000-11-30,-13.6065705821,-0.420794366748,32.7079806998,-13.5167349284
2000-12-01,-13.5929518998,-2.02965867923,32.9754546347,-12.4022216274
2000-12-02,-14.375068755,-1.57453871935,32.8807142961,-12.733273925
2000-12-03,-15.5440762493,-2.29800716124,31.932161937,-12.7902985714
2000-12-04,-15.0426969773,-1.72074184463,31.6436392629,-12.8487902419
2000-12-05,-15.9271662642,-2.41940852545,32.7157199915,-13.5715930982
2000-12-06,-16.7227273913,-3.92191802582,33.2184949945,-14.1909746699
2000-12-07,-16.8813176368,-4.19076704806,34.3045687648,-14.8679289214
2000-12-08,-18.5151448038,-3.1542729028,33.8915363816,-14.1679902007
2000-12-09,-17.4871939107,-5.48131187241,34.3082525797,-13.9176339927
2000-12-10,-18.0316437181,-6.25511080426,35.499841121,-13.0080143959
2000-12-11,-18.0028338152,-5.88373159047,34.2042140937,-14.048663342
2000-12-12,-18.1132509322,-6.49375537672,34.1082645981,-14.2163871299
2000-12-13,-18.9944298263,-5.72200317062,33.5009812264,-13.1394645083
2000-12-14,-19.315408894,-4.76508982845,32.4857843284,-12.5387296322
2000-12-15,-17.3206248561,-4.65956195943,33.5878333006,-14.1036607501
2000-12-16,-16.9488665926,-4.11975616233,33.8112497761,-14.9807053865
2000-12-17,-16.3111481525,-2.04408206859,34.1021518019,-15.2601225035
2000-12-18,-16.5323195846,-1.79209050671,35.4013786999,-15.837922536
2000-12-19,-17.5530224155,-0.686250803521,36.1965647884,-16.4910408875
2000-12-20,-17.11051043,-0.000363365835748,37.7043456007,-17.08080806
2000-12-21,-15.2006192272,1.79134348472,35.7773689659,-18.1969649626
2000-12-22,-15.0224380269,1.49734570371,35.076905045,-17.5674459133
2000-12-23,-14.9853121319,-0.218280177337,34.4345592574,-18.182563034
2000-12-24,-16.7800548764,-0.750248711679,35.5648009555,-18.2919755311
2000-12-25,-15.87530494,-1.42538078046,35.7523816952,-18.6330886512
2000-12-26,-17.793250281,-1.73128434923,36.7995175828,-17.6861513352
2000-12-27,-17.0872262285,-0.646124687419,37.0020481236,-15.9659539663
2000-12-28,-16.8016978071,-0.117575375893,37.1769897566,-16.8040762306
2000-12-29,-16.5839338966,-2.51579794597,39.2287124522,-16.3317807233
2000-12-30,-16.2621079412,-4.05752918419,41.7340501736,-17.5226892923
2000-12-31,-14.6715966203,-3.74036543095,41.784571657,-16.8668883141
2001-01-01,-16.3415953041,-4.93675043337,42.883968537,-16.8496771089
2001-01-02,-16.2272178153,-4.28102926217,42.8395884086,-16.8072463493
2001-01-03,-15.5006524252,-4.08450177512,41.6492211256,-16.5388380559
2001-01-04,-14.2740431783,-4.65208507193,40.2069619201,-14.0571043744
2001-01-05,-13.0337032176,-4.0170303105,41.694808897,-14.9689099185
2001-01-06,-11.4655402151,-5.01141914062,41.9739733994,-13.5216357686
2001-01-07,-11.7637319791,-7.08492338416,41.6888933387,-15.0850267579
2001-01-08,-13.0243408523,-5.74388458261,41.7849005519,-16.1052702691
2001-01-09,-11.8127605506,-4.08299928187,41.4338714555,-16.8597347598
2001-01-10,-10.9967376845,-4.36666130037,43.3350248652,-18.0038127036
2001-01-11,-10.5519901394,-5.19028152591,41.2151435184,-18.4339577508
2001-01-12,-7.92373471395,-5.86710997196,40.909871388,-18.4353116968
2001-01-13,-9.1750446119,-5.72063568523,41.9477343634,-17.7170620594
2001-01-14,-10.5648776325,-5.69963837688,40.4074988398,-18.3670706367
2001-01-15,-11.0347769974,-5.87178601422,40.8132483886,-16.4121903479
2001-01-16,-11.0099240556,-7.08402921486,40.6971533627,-16.8250600084
2001-01-17,-9.76475313113,-5.58395312025,40.2711516117,-16.7755941041
2001-01-18,-10.5354505466,-6.17620662515,40.694867083,-16.9019344275
2001-01-19,-11.3689784321,-7.24115716345,41.4123732416,-15.887981824
2001-01-20,-11.3272910019,-8.26604283387,41.1622567,-15.5485376793
2001-01-21,-11.6341547337,-7.84482711182,39.5598970349,-13.8257714546
2001-01-22,-11.691945801,-8.22805017663,39.0643918028,-14.2230347661
2001-01-23,-12.4761857741,-9.73191762292,38.1101593615,-13.2939166195
2001-01-24,-14.6234924316,-9.80924400022,37.5472697522,-13.7695148371
2001-01-25,-15.5783198557,-10.7581861597,36.6145481965,-15.6257114094
2001-01-26,-16.5758039926,-10.86168969,36.5700109649,-16.4800233591
2001-01-27,-17.6196138975,-11.8262123781,37.0406189149,-15.832365275
2001-01-28,-17.8037549698,-11.5545959428,35.7400312556,-15.3670195949
2001-01-29,-16.4658563884,-12.6672475646,35.5593613185,-14.4734777476
2001-01-30,-15.8461296439,-13.8327464238,35.5699715569,-14.3318618681
2001-01-31,-14.572040825,-16.7202936533,36.6053277333,-12.8414318727
2001-02-01,-14.4664238003,-17.1157456874,37.3650510862,-14.0339688198
2001-02-02,-14.6283006393,-16.5226849703,36.9486802378,-13.4061345972
2001-02-03,-13.8814846647,-17.0111970203,37.0225487398,-13.3736858363
2001-02-04,-13.7947777807,-17.8417576875,38.2042497807,-12.2046401195
2001-02-05,-13.4093188747,-17.4196958876,39.0733300367,-12.0442178096
2001-02-06,-13.02954845,-17.6661881608,40.9700294588,-12.9820969924
2001-02-07,-14.5528355896,-16.6207080419,41.8250207668,-12.9976493908
2001-02-08,-13.7782333214,-17.3047679387,40.1015824613,-11.3775108014
2001-02-09,-12.3053492722,-16.0811427879,39.9120734303,-11.9666043585
2001-02-10,-12.6268432593,-15.8330681069,40.7256455246,-13.2370103939
2001-02-11,-14.03880747,-15.2132275375,39.7445262536,-12.5185559203
2001-02-12,-13.7951549215,-15.915194656,39.7502747844,-13.131640649
2001-02-13,-12.7266188067,-15.9991480445,38.6426081089,-11.7089217682
2001-02-14,-11.6945954522,-15.1750411478,40.3252407668,-12.6416577259
2001-02-15,-12.003006772,-14.2728780318,40.6026953246,-12.1963978896
2001-02-16,-11.3345508089,-14.7010507909,40.2020119216,-11.6093222847
2001-02-17,-10.5162439314,-15.1842684012,40.0506492918,-12.4370884571
2001-02-18,-12.0594589473,-14.7742771755,42.102417046,-11.3188742876
2001-02-19,-11.595280085,-14.7580400493,42.2962895164,-12.3060219444
2001-02-20,-12.1052908202,-16.0337003275,40.8758983903,-12.6259296067
2001-02-21,-14.127067032,-17.0143753655,39.0631572446,-12.890542863
2001-02-22,-15.9076498141,-15.9172396878,38.0312693649,-12.5323241165
2001-02-23,-14.8849022902,-15.4486287282,38.0966302814,-14.2508206139
2001-02-24,-14.5360105617,-14.4942815016,40.3294984011,-14.930530552
2001-02-25,-14.1909315722,-15.8444317771,41.6885572076,-14.5594530351
2001-02-26,-12.9917800392,-14.623444816,39.7576708688,-14.7392810697
2001-02-27,-14.3035300889,-13.7210212581,39.193206446,-15.5717566599
2001-02-28,-15.0175117994,-13.6198798226,39.2634856407,-13.6628634493
2001-03-01,-15.2988280539,-12.4199761168,37.6641618066,-14.3034761905
2001-03-02,-16.8368433945,-14.2703991944,37.6368634673,-13.7132977391
2001-03-03,-18.4065185708,-13.3148378987,38.5233939782,-13.5755175813
2001-03-04,-18.2074928028,-13.947411154,39.8042606726,-13.9270888447
2001-03-05,-17.704592879,-13.4256210379,37.7729928977,-13.2185719759
2001-03-06,-16.443983363,-13.8487992463,37.8340427012,-13.9396410948
2001-03-07,-16.7700943571,-13.5667976828,37.1718926277,-14.6695495609
2001-03-08,-18.034234837,-12.1224356364,37.2272651428,-13.5308190873
2001-03-09,-19.4370315652,-12.099838397,38.6781150726,-14.7616548899
2001-03-10,-16.8456543247,-12.2694079545,38.15198085,-14.1384361547
2001-03-11,-15.984839755,-11.7991276541,39.6511075763,-14.4893425626
2001-03-12,-16.9504820403,-12.2006630381,39.9909848457,-13.9743136679
2001-03-13,-18.0328874807,-13.429089159,39.4273068971,-14.3959506173
2001-03-14,-19.0400946354,-11.2166496277,39.1264988133,-14.3368065415
2001-03-15,-18.7238016937,-11.1455300312,36.766417662,-13.3684547267
2001-03-16,-18.4708034708,-9.85599199368,34.2676569659,-13.3144125695
2001-03-17,-19.1235717265,-8.34928862583,34.0931519963,-14.8929076377
2001-03-18,-19.3664246569,-9.92242598984,32.9687478378,-15.8704949022
2001-03-19,-18.3092188153,-10.5182466571,34.2030838011,-17.9509637925
2001-03-20,-17.5306262578,-11.5603512023,34.5278661368,-14.7409228299
2001-03-21,-17.7328047237,-12.0944000491,33.3590968592,-13.2984358497
2001-03-22,-18.7688078648,-10.9890478962,34.3375847165,-14.0516795387
2001-03-23,-18.2553197004,-12.2437715096,34.522499252,-13.6226543493
2001-03-24,-17.0060752381,-12.3569137033,35.0076974613,-14.4838792541
2001-03-25,-15.4814898762,-11.4354939658,36.0871694191,-14.5813897697
2001-03-26,-12.9366919044,-11.1972667518,37.0958269045,-14.6565842403
2001-03-27,-11.479041184,-11.199858161,36.4878059253,-15.3156259161
2001-03-28,-11.2413660075,-11.6486895488,36.3536712836,-13.6127299773
2001-03-29,-11.1186129705,-11.244664766,35.693447967,-12.8911431049
2001-03-30,-11.7536603764,-11.1735464189,34.8963445653,-12.4103279905
2001-03-31,-12.7096715657,-11.2489010078,36.3880570662,-12.933982204
2001-04-01,-10.9209664679,-10.4465701627,38.0308940834,-13.5810551132
2001-04-02,-9.99016051623,-11.9019939786,38.505322515,-15.7200940193
2001-04-03,-8.60548196057,-12.8785923838,39.9965739299,-17.5806145846
2001-04-04,-10.348248059,-13.0776051401,40.2430716134,-17.9863943702
2001-04-05,-9.69345967342,-14.2012462069,40.1521544707,-19.0741007002
2001-04-06,-9.4037393594,-15.998385362,40.1810257093,-21.2854765475
2001-04-07,-10.2946606355,-14.3528512037,40.7202240671,-20.3621513651
2001-04-08,-10.5974114736,-14.0029620697,41.0375999048,-20.2241318986
2001-04-09,-9.15133950314,-13.9218653034,39.2197710051,-20.8905905575
2001-04-10,-9.21146234857,-13.9388310018,38.2204901937,-22.431316605
2001-04-11,-9.71599005731,-14.8514422415,39.3202277756,-22.8510305085
2001-04-12,-8.42332677102,-15.5377889939,39.5012551569,-24.0762888984
2001-04-13,-8.76779379466,-15.4610688068,39.4970887438,-24.8420060852
2001-04-14,-8.34469451655,-15.864141063,40.1345983397,-25.1938716511
2001-04-15,-9.09596289182,-16.1693268263,39.4511810825,-27.5765072474
2001-04-16,-7.48937321952,-15.5072593545,38.3559440047,-29.0839200197
2001-04-17,-6.80817142186,-13.8489385248,39.0122518299,-28.3315701911
2001-04-18,-6.25350053426,-12.6971316768,40.273247281,-27.9794095695
2001-04-19,-5.90482466953,-14.2610969976,39.8763395538,-27.9402611605
2001-04-20,-4.83990836368,-14.6148334217,40.4681627338,-27.8703870274
2001-04-21,-6.11555243316,-14.3499456043,42.7417685931,-27.2831955917
2001-04-22,-6.21253437513,-14.4727106275,43.064642117,-26.5710607826
2001-04-23,-5.50146874816,-14.6922692916,42.0804881162,-27.0477049478
2001-04-24,-5.92623923227,-12.9415859928,42.7224766307,-26.5963410129
2001-04-25,-5.87102070046,-12.8299720228,43.2392500479,-26.9383236022
2001-04-26,-5.61951372852,-11.9965375722,44.0492681424,-26.6464657713
2001-04-27,-5.47277495096,-11.1550352377,46.4391568776,-26.8432789279
2001-04-28,-7.10771188894,-11.2330609397,48.3707832209,-28.0104816899
2001-04-29,-8.78427019241,-11.7426017429,47.7786877753,-27.7855686511
2001-04-30,-9.93401964305,-10.2330449532,47.5081766364,-28.0121488423
2001-05-01,-10.3791329917,-11.084693035,46.2978120023,-27.1304422932
2001-05-02,-11.0945710024,-11.7427595265,45.8842401942,-26.9575317269
2001-05-03,-10.1230470794,-11.0677011947,45.4560305855,-27.0989451356
2001-05-04,-10.0276191188,-10.8992404358,45.8888721455,-25.6832518162
2001-05-05,-10.6966706143,-12.6380160638,47.6410133408,-28.5867438282
2001-05-06,-9.82832911176,-13.2322066631,48.2713492786,-30.3434731998
2001-05-07,-10.3480463817,-12.5624131485,47.3000644207,-29.4280629895
2001-05-08,-9.44380946536,-14.7071849014,47.0341136906,-30.9192006324
2001-05-09,-9.88863626772,-14.0304937976,48.163481399,-32.8805572282
2001-05-10,-8.86521465007,-12.2137660137,47.2880641372,-34.3632457644
2001-05-11,-9.16882856196,-12.7906223825,47.4937831249,-34.3098156649
2001-05-12,-10.9139207856,-12.8219441325,46.9326873441,-34.6974990389
2001-05-13,-11.9823286555,-12.7508984582,47.9203139041,-34.6379998517
2001-05-14,-11.7112170057,-12.7860060599,49.6360027283,-34.0355753037
2001-05-15,-10.9339766198,-12.3393379143,48.4777626146,-33.4421324408
2001-05-16,-10.1345375888,-13.1265709752,48.9761025815,-33.0800158487
2001-05-17,-11.3429222795,-12.2273992386,48.2473530179,-34.3026797249
2001-05-18,-12.5751257186,-12.1844415175,47.5266740936,-34.2448867461
2001-05-19,-13.8286102588,-12.7676271726,48.7566085668,-33.7272538245
2001-05-20,-12.4275016204,-12.4519674193,47.8843403333,-33.5172892401
2001-05-21,-11.8319029629,-12.4600082158,47.3686494121,-31.452210641
2001-05-22,-12.3331725024,-11.1755200402,47.8367813534,-30.6686877094
2001-05-23,-13.1943671903,-11.6757637762,47.9259182371,-30.4605869223
2001-05-24,-11.8705658955,-11.6341807094,47.4948127391,-28.7694853255
2001-05-25,-13.2346210551,-12.1438328967,48.7385082097,-28.5707565664
2001-05-26,-13.0858418516,-12.4409582546,48.3973027586,-28.111276135
2001-05-27,-13.5370701028,-12.3692353847,49.0637483891,-28.7901403133
2001-05-28,-15.2578605325,-14.3218779199,49.5233513615,-28.8548573823
2001-05-29,-14.6778388853,-14.0467548182,50.1439143527,-27.6373944084
2001-05-30,-15.0389954456,-13.4429471692,50.9763972936,-29.7198456105
2001-05-31,-14.0574442596,-13.1020416157,50.6499656562,-29.2573815714
2001-06-01,-14.8409778821,-12.1039588603,50.8498852966,-28.6918996693
2001-06-02,-13.8905456804,-13.1443142037,50.531589899,-29.2523909157
2001-06-03,-15.0287066039,-13.7019566885,50.5650199156,-29.3876264769
2001-06-04,-15.1752649756,-14.905241259,51.0192233337,-29.3769316898
2001-06-05,-12.866300844,-15.1059048822,49.6416392767,-29.5433737954
2001-06-06,-13.8835251338,-14.1930830708,49.9561400063,-30.5703474437
2001-06-07,-14.6908938001,-16.4032282461,50.0841158947,-32.3163045203
2001-06-08,-13.6281717553,-15.2578356886,51.259971682,-32.0313230152
2001-06-09,-12.5672132852,-12.9469434478,50.39768985,-30.8039903484
2001-06-10,-12.48589274,-11.5481951356,51.1931587663,-32.6863901049
2001-06-11,-12.8989122014,-11.6837283279,50.8244157019,-31.9527126256
2001-06-12,-12.6190978798,-10.1353989581,49.8202401421,-32.1824079948
2001-06-13,-12.6176392097,-8.7424655465,50.0718296811,-33.9168371784
2001-06-14,-11.5390703953,-7.23931323947,49.7900325724,-34.748359329
2001-06-15,-9.97969278748,-6.90335738533,50.2241935619,-36.03593118
2001-06-16,-9.67290611603,-5.62126557055,51.1573711614,-35.9591998275
2001-06-17,-9.78544230694,-5.33224199576,53.9620803375,-35.235679042
2001-06-18,-8.9778258736,-4.08112822655,53.0783736649,-33.5634585246
2001-06-19,-10.3188586482,-5.80225717641,53.4758550643,-32.9658361219
2001-06-20,-9.19944258576,-5.04047855505,52.0907064331,-32.742755596
2001-06-21,-9.47758484356,-5.82881461464,51.104849387,-33.3709829804
2001-06-22,-8.87145658146,-5.85440106788,52.139273822,-31.7139595673
2001-06-23,-9.11272436959,-5.1232628965,51.4627509104,-33.0620899509
2001-06-24,-10.3036531121,-4.9640691183,51.9230114812,-31.5524471939
2001-06-25,-8.85992730849,-6.94994748685,51.4589376298,-32.2088985438
2001-06-26,-9.84051121659,-6.15613531093,51.7832910012,-32.813206915
2001-06-27,-8.84615955503,-7.44310593582,53.5118410485,-33.479223887
2001-06-28,-8.10771951817,-7.75592125284,54.1581843977,-32.7567040192
2001-06-29,-7.86105542986,-8.48786844702,53.2477382337,-31.7283166077
2001-06-30,-7.66757754231,-8.89146312839,54.5994890952,-29.3351691776
2001-07-01,-8.4424777136,-7.91919069039,55.144130214,-29.180869076
2001-07-02,-8.75034723729,-7.8148884421,55.9762196041,-29.5301253779
2001-07-03,-7.72480677063,-7.38622430951,57.3008059735,-27.6376902855
2001-07-04,-9.11472313317,-8.60027503397,57.5008276779,-28.6874767486
2001-07-05,-11.1736816601,-8.51381582741,58.1175949283,-27.8675470736
2001-07-06,-10.722510174,-8.10969205681,58.2627304331,-26.9094485052
2001-07-07,-11.0548686654,-8.14403619426,57.7826579374,-27.0284774971
2001-07-08,-10.6611638667,-7.81118095681,58.0452817441,-25.6532516048
2001-07-09,-9.56874332224,-7.57089563431,57.2339365156,-24.9435494407
2001-07-10,-10.561051053,-7.72629276863,57.4336161745,-25.23377545
2001-07-11,-10.3195953815,-7.92398617664,58.0814930245,-26.2058053633
2001-07-12,-11.4166142926,-7.48479022145,58.3559298618,-26.3571615402
2001-07-13,-11.2552013267,-7.32676071783,58.9403724281,-26.7383225081
2001-07-14,-11.2121186104,-8.62557435345,58.5115883326,-27.166583279
2001-07-15,-11.2768556318,-8.72529767912,59.0947503286,-27.0979419532
2001-07-16,-11.7169442781,-7.98098938351,60.035699062,-26.5544301116
2001-07-17,-9.7725358928,-8.92723227795,60.4493130368,-27.8146811277
2001-07-18,-9.97270364376,-9.84177442329,61.6434131698,-27.7175299947
2001-07-19,-9.1167143418,-9.49212343893,61.9466469547,-26.5098653691
2001-07-20,-8.27043294527,-7.51563986356,62.1669380493,-26.3233545748
2001-07-21,-6.8365541694,-8.84296669128,62.8137456766,-24.8650756212
2001-07-22,-5.37801147117,-8.909244567,63.7803579654,-24.7146079141
2001-07-23,-4.56047038232,-6.75931958112,64.1096315031,-24.1481333369
2001-07-24,-5.45570105258,-6.74442385585,65.0632461519,-24.68774261
2001-07-25,-6.14705809177,-6.48548516886,66.0185108982,-24.0722075242
2001-07-26,-6.56027371921,-6.19867215739,66.3273965172,-21.7327510748
2001-07-27,-7.27865089739,-5.98019632034,67.5325610742,-22.755390659
2001-07-28,-8.86134849343,-6.98140632739,66.513113909,-23.8666876275
2001-07-29,-8.56273338019,-5.68313114391,67.0027612096,-23.1111153124
2001-07-30,-9.6922197254,-5.63703466821,66.9855312229,-24.9393372893
2001-07-31,-9.90674781647,-4.08653745048,66.8434462125,-24.0275606662
2001-08-01,-10.8670020157,-4.38546165711,65.9280959844,-23.6633831239
2001-08-02,-10.418101228,-3.12424284267,65.7164284503,-23.5128192267
2001-08-03,-9.50753039699,-3.9289230279,65.6141496305,-22.7336622819
2001-08-04,-9.73660755544,-4.15910204125,65.9721436483,-22.9172591207
2001-08-05,-9.49730060732,-4.01605582786,65.3649137102,-24.3209853364
2001-08-06,-9.54280126379,-4.58373193564,66.929980717,-25.9595405334
2001-08-07,-9.09411071965,-4.15966822518,67.4125359997,-26.4332956453
2001-08-08,-9.39623873287,-5.35561695431,66.4683584411,-27.8868054098
2001-08-09,-11.7833930958,-6.03579922211,66.5004102356,-27.818887283
2001-08-10,-11.1757774796,-5.92316819331,66.0441316258,-27.5145120759
2001-08-11,-10.8824596994,-5.66761350264,65.4331897393,-27.6609162045
2001-08-12,-11.8345728421,-6.3870245548,66.1460443803,-28.2584129446
2001-08-13,-10.779672484,-7.63969621208,66.372701713,-28.7663117368
2001-08-14,-10.0793962581,-8.58731671846,67.201398365,-29.5173231329
2001-08-15,-9.83384123992,-9.40984074528,66.8324974176,-31.6476470684
2001-08-16,-9.41322625281,-9.40706332603,66.6668698746,-30.572786265
2001-08-17,-9.26512397357,-9.235393164,67.0156398484,-30.104264656
2001-08-18,-9.1795018979,-9.08270635399,66.5850428643,-30.2932985466
2001-08-19,-9.33469836723,-8.96700880209,66.724323695,-30.4012270867
2001-08-20,-8.42520871516,-8.78524279384,66.05074087,-29.4083573699
2001-08-21,-8.59761102862,-7.44826239724,65.6947699509,-29.8975593826
2001-08-22,-10.060455904,-8.11375990883,66.3356296871,-28.5540041047
2001-08-23,-11.3942626501,-8.22169202385,65.5919300102,-29.3255222903
2001-08-24,-10.34463467,-8.0111682901,66.3739464043,-29.2410187509
2001-08-25,-11.7120766108,-6.87841373899,68.2494773761,-27.927653969
2001-08-26,-11.5214621679,-7.77525446932,68.8420286818,-28.617963407
2001-08-27,-12.7752180646,-8.42726772651,67.2426203108,-28.5330861361
2001-08-28,-12.4907378673,-10.4152652678,66.962409666,-29.0949328195
2001-08-29,-12.312376568,-10.1464595259,67.7359560432,-26.596250357
2001-08-30,-12.9758306857,-9.39280922922,67.1877495872,-26.705228199
2001-08-31,-12.9422137697,-9.08544011911,66.7252065261,-26.8541669531
2001-09-01,-13.220703569,-7.68832489735,66.5030242813,-26.2009150206
2001-09-02,-13.2342508823,-8.71098129697,69.8713077511,-27.1987123599
2001-09-03,-12.3575760421,-9.6295003328,69.5724258955,-26.3517944706
2001-09-04,-11.1716334901,-9.25493759393,68.7378679964,-26.7806208507
2001-09-05,-11.4627735588,-8.95246319431,68.7500155851,-27.3286732824
2001-09-06,-10.6642785701,-8.61895520399,68.7969057013,-26.8639640626
2001-09-07,-10.0272094194,-6.64711902564,68.4897764161,-27.4084828517
2001-09-08,-8.8675753899,-6.36932332758,67.9676376424,-28.1935379286
2001-09-09,-9.14641917435,-6.63817231951,68.1412272853,-27.9322599233
2001-09-10,-9.51358740131,-4.20192847392,67.8249379987,-28.8760552932
2001-09-11,-9.16623260546,-3.95048820478,68.6409253399,-29.9343116175
2001-09-12,-9.31292907531,-4.11919282847,68.4311436795,-30.9662881989
2001-09-13,-9.40772067401,-4.76194143807,67.3049245217,-32.7298323602
2001-09-14,-8.63861310442,-4.92778979288,68.3593278388,-32.5413271575
2001-09-15,-9.08632661386,-4.52910036093,67.496263851,-31.5008300249
2001-09-16,-7.73767575959,-5.27286393423,67.7851825404,-32.0276247439
2001-09-17,-6.80509483725,-6.22107935937,68.0818661183,-32.1368411096
2001-09-18,-7.25574389228,-6.53516032498,69.5083887421,-33.6813042812
2001-09-19,-8.19611463327,-5.53071856537,66.7903516426,-34.1166493466
2001-09-20,-6.98832306852,-5.87963092737,67.5379671718,-35.4132629153
2001-09-21,-6.68600534094,-6.80737496556,68.2793150778,-37.9881728817
2001-09-22,-5.42263927402,-6.76949826832,67.0122585132,-38.2015909668
2001-09-23,-5.41280145111,-6.23647372533,67.4645435235,-37.2648359813
2001-09-24,-6.28442902368,-5.24693273706,65.8456071164,-38.0335490628
2001-09-25,-4.21165148603,-4.37061020388,64.7932622967,-37.4609712456
2001-09-26,-4.72520491373,-3.28578218381,66.1318294181,-36.5213277492
2001-09-27,-4.8788146605,-4.3962394725,64.2802469964,-36.8773464615
2001-09-28,-5.27199276966,-5.30922163114,63.6306093426,-36.1934297696
2001-09-29,-6.2176333354,-4.65474086273,63.1329720262,-36.1669821349
2001-09-30,-5.36814932391,-4.96661840994,61.5601120485,-38.0616801649
2001-10-01,-6.17527901053,-5.50597421934,60.9020740516,-39.3574768367
2001-10-02,-6.62967079896,-4.46158388658,62.37721968,-38.7952994268
2001-10-03,-6.11023694377,-4.03137928609,63.1290739061,-39.7238707832
2001-10-04,-7.48947016641,-3.63811927272,62.8982658154,-39.1790954848
2001-10-05,-7.17281408329,-3.7094254028,64.2913073532,-37.5686389858
2001-10-06,-7.15006617015,-3.72144071076,65.6401809597,-37.8499484825
2001-10-07,-7.17081893455,-5.10799378333,65.6086434895,-37.3294037488
2001-10-08,-7.50923529775,-3.69872477405,65.6383151099,-38.0513323682
2001-10-09,-6.44924651977,-3.18257032897,66.9937376208,-37.3718948249
2001-10-10,-7.8109485937,-3.29114813612,66.9922320636,-39.1307104279
2001-10-11,-6.61722873045,-1.95888301361,66.431579192,-40.2386358184
2001-10-12,-7.29718516533,-1.68545312299,66.531459775,-41.8634259312
2001-10-13,-7.04620146383,-2.71154571925,66.6801555822,-41.5575904757
2001-10-14,-7.58638082129,-3.00217932134,66.9003252163,-42.5383505877
2001-10-15,-9.83979513338,-2.33418604647,66.8300851644,-42.9799942884
2001-10-16,-11.3534812115,-2.07659923728,67.0554863928,-43.7175677485
2001-10-17,-12.321660458,-0.616270308515,68.4497792301,-44.1203675937
2001-10-18,-12.3570422253,-1.46829104563,69.8330334451,-44.964079798
2001-10-19,-10.2388818857,-1.41628860361,69.7296849197,-45.1279447014
2001-10-20,-11.220750464,-1.70750138326,69.1931039385,-45.6930529204
2001-10-21,-11.3441548534,-0.877666230416,70.4809219052,-44.573885974
2001-10-22,-11.7651575853,-1.40099642474,70.3031590391,-43.6455472195
2001-10-23,-11.1519643427,-2.83567651988,71.617791742,-43.2716346992
2001-10-24,-11.0543247476,-3.39289173174,72.0390541572,-43.1576399669
2001-10-25,-10.8936056144,-3.70588215508,72.5128712444,-43.2028094845
2001-10-26,-9.03247508914,-3.79187329209,71.8326235284,-43.7479048124
2001-10-27,-6.82892459439,-3.82835564666,73.417407796,-42.972904096
2001-10-28,-6.51471870157,-4.30254644846,75.1415004848,-43.2916914297
2001-10-29,-8.09332328545,-5.05182200475,76.0649185353,-42.946428352
2001-10-30,-7.31134231732,-7.02316403416,75.0841109487,-43.1806650124
2001-10-31,-6.52540306969,-5.33647946842,75.7267571149,-44.1778986917
2001-11-01,-7.58651637403,-5.03567021946,74.7865840944,-44.3264925328
2001-11-02,-7.74610549044,-4.91099819856,74.9471815862,-42.5996940863
2001-11-03,-9.05697799972,-6.20610748133,74.4510008836,-41.7598773347
2001-11-04,-9.34876216782,-4.68773907517,74.8120399422,-42.1216163841
2001-11-05,-9.1225547304,-3.17793016424,72.9637383639,-43.034575802
2001-11-06,-8.31605754593,-1.53911892429,70.3482148577,-43.5031518306
2001-11-07,-8.2252485263,-1.91860293856,69.8065600861,-42.9637208379
2001-11-08,-8.05346996021,-2.48170517257,68.4722733826,-43.3452623641
2001-11-09,-8.02231642347,-1.53611860227,66.0947212454,-42.897400261
2001-11-10,-7.84665159165,-1.58935306049,64.447683342,-42.2122036155
2001-11-11,-7.77329385861,-2.08085190821,64.3520086185,-42.6446035056
2001-11-12,-6.9075199185,-2.31683024477,64.4681022275,-43.2932410222
2001-11-13,-4.71889192193,-2.78661580208,64.577373449,-42.2082095848
2001-11-14,-3.48265584901,-5.09333424517,67.2362044043,-43.4833354193
2001-11-15,-3.09965230059,-6.24978434189,69.376598483,-43.4939151207
2001-11-16,-2.59688440188,-5.12761130983,69.1089657919,-44.5961356449
2001-11-17,-2.25542349852,-5.4179183228,68.5624911028,-44.7598030468
2001-11-18,-2.5028385072,-6.56496937735,68.6651711311,-45.5312012114
2001-11-19,-2.07698422603,-6.90024277645,67.8591444641,-46.4725174215
2001-11-20,-2.18949821167,-6.64877274549,67.7329798391,-44.3466681321
2001-11-21,-2.64606832222,-6.16183910622,67.100583605,-45.2038159066
2001-11-22,-2.74336951864,-6.21523730714,66.6948021593,-43.9381445768
2001-11-23,-2.35764259835,-9.22858840493,67.8894141202,-43.6913460503
2001-11-24,-2.96396207032,-9.63755715979,67.7158557785,-44.010661078
2001-11-25,-4.96942031391,-8.86592103159,68.2658411011,-42.8474863024
2001-11-26,-3.46074420562,-9.0990600272,68.2129575966,-43.5603759154
2001-11-27,-4.90376564035,-8.46298048302,67.7193518467,-43.9262031621
2001-11-28,-5.49473248698,-7.25285809523,69.7684283767,-44.5206078169
2001-11-29,-5.83402460658,-7.36292029091,69.6367344884,-45.0249991705
2001-11-30,-5.69996966235,-7.13577706629,70.0217085212,-43.5959953909
2001-12-01,-5.89188910423,-6.33087695059,71.5758868635,-43.0225600793
2001-12-02,-5.18520765124,-6.35471912806,72.3972198426,-42.0792219207
2001-12-03,-4.96561281568,-5.71486116552,71.9495258535,-41.6203162903
2001-12-04,-5.94285937853,-4.57780842559,72.6544726093,-41.7659866465
2001-12-05,-7.43545509167,-3.89798040008,72.2855973847,-40.7670226541
2001-12-06,-8.7192600458,-4.07870874576,71.6574604757,-39.7373122937
2001-12-07,-7.72811920981,-2.23486954117,70.9311165251,-37.944140853
2001-12-08,-8.80224372116,-3.32971026481,70.610879507,-39.3087344407
2001-12-09,-7.42111313315,-3.13600525269,71.5553746385,-40.418460853
2001-12-10,-6.10248623761,-2.94754794076,71.4879948284,-39.7825777283
2001-12-11,-7.12464703049,-4.27605096753,70.2445504442,-40.0647079806
2001-12-12,-7.44958347063,-2.73270680831,68.8974944444,-40.7213837354
2001-12-13,-4.86350594638,-3.41577963078,68.6453916649,-38.856405749
2001-12-14,-4.7129738839,-1.87232281568,69.24362359,-37.9155168462
2001-12-15,-3.97645891197,-3.72303339225,69.8378439868,-37.6873671561
2001-12-16,-2.97584910769,-6.10898005875,70.4552407504,-36.9082402367
2001-12-17,-1.36272761953,-7.9196211398,70.8965637373,-38.7007240775
2001-12-18,-3.78410987147,-9.90501642901,71.5036995645,-37.3776761649
2001-12-19,-4.24524427821,-10.3224359877,71.3338220995,-37.5998762388
2001-12-20,-3.74365384557,-9.136104534,71.6621777595,-37.0561740194
2001-12-21,-6.2441659572,-7.8617693985,71.202921875,-38.5040153385
2001-12-22,-5.65593711916,-9.38394450274,70.2061565705,-39.1959010057
2001-12-23,-6.12031060521,-9.63351393099,69.6775807962,-37.83315799
2001-12-24,-5.77754193014,-9.74900423888,69.7833138827,-38.340412869
2001-12-25,-6.30312978775,-11.7268472296,69.5221419088,-37.7114643107
2001-12-26,-6.46644145176,-13.3398270967,69.8761372042,-37.3815127585
2001-12-27,-6.59758584837,-13.4136633861,69.4971910465,-38.9052402325
2001-12-28,-3.75490331762,-12.7346503851,68.7180702722,-38.8971300544
2001-12-29,-4.19972574933,-12.9078553825,68.507374972,-39.3836948197
2001-12-30,-4.17075689521,-12.4223162014,66.938203182,-41.3195776987
2001-12-31,-5.46875025247,-12.3351704121,65.6258781675,-40.9067364947
2002-01-01,-5.62720629735,-13.5389503203,67.1185509193,-39.8805653967
2002-01-02,-6.40459645184,-13.9918348539,67.2141511254,-40.1055904526
2002-01-03,-6.68739270096,-14.052976215,67.622032995,-39.1655561359
2002-01-04,-5.68761312051,-14.7684855471,68.9579730326,-38.4458256967
2002-01-05,-3.82331066751,-14.3956261845,68.2414698155,-37.0692740744
2002-01-06,-3.61732566655,-15.5770799763,68.2385608296,-35.5776351503
2002-01-07,-4.00124234718,-16.3460009156,67.3761089307,-36.1456372325
2002-01-08,-3.84160838445,-17.900837092,68.2630338177,-36.1882566692
2002-01-09,-3.38282440268,-17.7106083502,67.8435113154,-35.9791894774
2002-01-10,-3.88046120692,-19.4972040925,68.5009835417,-35.9034570984
2002-01-11,-4.8160227703,-21.0308612046,68.8317082639,-34.537418042
2002-01-12,-5.26763130159,-21.6233606418,67.7087820181,-35.8131047542
2002-01-13,-7.23516518047,-20.5422242668,67.9754441008,-35.5745945044
2002-01-14,-6.48293852725,-19.8233153573,69.258968285,-36.7870665008
2002-01-15,-5.44546813756,-19.9787558719,70.4827225783,-37.0723198296
2002-01-16,-3.13121808941,-19.3162567581,69.7008231521,-37.9000541627
2002-01-17,-1.70839098128,-20.3381175754,70.1500375916,-37.0848631327
2002-01-18,-3.87801600839,-20.0637793745,68.9691896097,-35.668319092
2002-01-19,-3.33432284841,-19.5129106068,68.6483762958,-35.919135197
2002-01-20,-2.99586801774,-20.6563048258,69.2298545947,-36.0797076243
2002-01-21,-2.71139161085,-21.0565440991,69.9002699149,-34.937876942
2002-01-22,-3.43035266021,-20.3811037457,69.5769312371,-33.8917306641
2002-01-23,-2.45692067434,-20.0802928196,69.8681639082,-33.5236428545
2002-01-24,-3.71280747701,-20.4071364688,69.5507513677,-33.8515380731
2002-01-25,-4.14775119068,-19.1253574453,69.1247483354,-34.1448985883
2002-01-26,-1.69338276343,-20.4093714651,69.898004412,-31.2522820133
2002-01-27,-1.41235504523,-21.87108766,68.3649807765,-32.0763889158
2002-01-28,-1.11071431628,-21.8421247116,68.7690747617,-31.4650026588
2002-01-29,-0.909611895524,-20.75082012,68.625711221,-31.6554003882
2002-01-30,0.506756426353,-21.2662481863,70.1762703431,-32.2585290181
2002-01-31,-0.347353873705,-20.7480658682,67.1780045562,-31.2777922806
2002-02-01,0.217442621058,-21.410530713,67.2965990027,-30.0346191826
2002-02-02,0.569250384651,-22.9439668591,67.3919576295,-30.8651816801
2002-02-03,-0.470253114369,-24.0374643594,68.0662388566,-31.4667340155
2002-02-04,-0.394905270835,-23.9120802925,68.4331671102,-31.9860705911
2002-02-05,-0.632257011359,-24.2407493875,70.1270114329,-32.2328367765
2002-02-06,0.110307374467,-23.3993524834,71.3041302245,-30.9415844559
2002-02-07,-0.556480330754,-24.5531418949,71.4899990564,-29.4667632292
2002-02-08,-0.234994183716,-25.405409539,71.0227854869,-28.7481182831
2002-02-09,1.05304803606,-26.7457349145,71.3075890314,-29.0415847674
2002-02-10,1.76491137176,-26.6753748156,72.9072303672,-29.0746172561
2002-02-11,1.89619724359,-28.417750199,73.1635348354,-28.4126126396
2002-02-12,1.45335769375,-29.7709757938,73.6441929648,-29.6798434087
2002-02-13,1.62095265008,-29.8393261394,72.0877474988,-30.1895008793
2002-02-14,2.20908439504,-30.7492518564,70.6385351529,-29.7146503564
2002-02-15,4.29941905232,-31.0959489492,70.2383312373,-30.2189552424
2002-02-16,5.03220323583,-31.1680266466,70.3597011271,-30.1940307023
2002-02-17,6.57668874679,-31.7530965303,69.4153956047,-33.0641719634
2002-02-18,5.41949154411,-30.6843635021,68.4928969806,-32.4764998357
2002-02-19,6.91429928463,-30.9567561818,69.1836469572,-33.2952533092
2002-02-20,7.61194091906,-29.4699850571,69.9329241514,-33.6952133721
2002-02-21,6.50184298478,-29.3153053869,69.3579168235,-34.0185610977
2002-02-22,6.89126837281,-30.5983980641,70.5207626595,-33.8708418575
2002-02-23,4.75417374899,-30.6783381708,69.3035558727,-33.3804008704
2002-02-24,5.70016819442,-30.9258533652,70.1739408416,-33.3036539904
2002-02-25,6.51760135535,-31.1637157664,72.2094694418,-34.2662980732
2002-02-26,6.33558859056,-30.4836933592,72.0163161412,-34.4196049822
2002-02-27,4.60979792307,-30.6620058375,72.4390320623,-33.9596431345
2002-02-28,3.05233972727,-29.8834444202,72.2996918896,-32.8711386634
2002-03-01,1.6404786659,-30.8707622763,75.2046859419,-32.0766350212
2002-03-02,-0.00399676562378,-31.1691863915,75.4528519723,-31.0197798171
2002-03-03,-0.961860399519,-33.2280186067,76.5976658306,-30.3722957409
2002-03-04,-0.990447350941,-32.6911694498,76.9904489369,-31.8405772348
2002-03-05,-1.22666345289,-33.8290508715,75.0800605508,-31.4151900408
2002-03-06,-2.57447556665,-34.2432117877,76.0929838174,-31.133446143
2002-03-07,-1.96299710601,-34.3308879842,74.0700869194,-31.0527040221
2002-03-08,-3.06418736626,-34.4810219629,75.1390638428,-32.3816727828
2002-03-09,-2.84539747079,-34.4365083051,75.1117305432,-31.4607427445
2002-03-10,-2.47045134271,-35.2405902936,74.4011472261,-32.3008156366
2002-03-11,-3.28711872399,-35.4147717017,73.5341968284,-31.1110858937
2002-03-12,-3.67648022078,-34.8875595834,73.6537034965,-30.9938895544
2002-03-13,-4.61196465468,-36.0450889882,74.3691490714,-31.8103665956
2002-03-14,-4.18084190123,-36.2875551715,73.8441457949,-32.2884922539
2002-03-15,-4.78945638043,-36.7182645261,74.3712850521,-32.4223254766
2002-03-16,-4.69042202789,-35.1198109173,74.2612849337,-32.1565171341
2002-03-17,-4.75163954136,-35.1997094805,75.1279275262,-31.7525140209
2002-03-18,-4.32415121606,-34.4938971972,74.7376112556,-31.3044947296
2002-03-19,-4.15679224503,-34.2527236806,74.0705391595,-31.056063492
2002-03-20,-1.92349795818,-32.664994368,74.4614056226,-32.434443422
2002-03-21,-2.18978696314,-30.8196060089,71.4582416688,-33.4821679692
2002-03-22,-3.88251416754,-29.404269489,72.3507329862,-34.3722598665
2002-03-23,-2.2558480384,-29.9798154483,73.3540394465,-33.1929721552
2002-03-24,-2.79201783228,-28.7146491984,72.2078970919,-33.5155492962
2002-03-25,-3.33703059094,-29.0302397582,71.2608970623,-33.654970849
2002-03-26,-2.96165272937,-31.2881363035,69.4713290071,-33.0647544289
2002-03-27,-2.64165269567,-30.4900666158,70.6370378404,-33.6636703372
2002-03-28,-1.93958726521,-32.0935136252,70.9881494184,-33.781327882
2002-03-29,-1.81902492367,-31.8548561132,71.764279362,-35.2290825293
2002-03-30,-0.447508130766,-31.8033871807,73.1255460976,-34.8171557513
2002-03-31,-2.80986855184,-32.3802571263,72.9437660315,-35.1974831954
2002-04-01,-2.03640417462,-33.6896010292,74.8302716815,-34.0837644239
2002-04-02,-0.91263388045,-33.4488970925,76.6053995689,-32.7058493802
2002-04-03,-0.797773463562,-34.9527682052,76.9808427757,-32.2066347603
2002-04-04,-0.923491549779,-35.7518888118,77.6543917934,-32.6010238497
2002-04-05,-0.753622684867,-36.0750949665,77.5154064953,-32.5327272924
2002-04-06,-1.12892737829,-37.3136764838,77.7235504672,-31.4750137896
2002-04-07,-0.536733611229,-37.1580226139,79.459745753,-31.4247692852
2002-04-08,0.927955276635,-36.5126025958,79.0607063655,-30.4736866264
2002-04-09,-0.0386760751989,-38.2266816813,79.6126047419,-31.1834196205
2002-04-10,-1.22258543346,-38.3183642146,78.5196705224,-30.1148679166
2002-04-11,-1.36264033758,-39.4143893503,78.1193606067,-29.211050825
2002-04-12,-2.59433305854,-41.7225193661,78.1285888206,-28.2632650873
2002-04-13,-1.49432992545,-41.6353353917,78.2201412848,-27.9029946078
2002-04-14,0.268379128138,-40.4584822071,78.2320793407,-28.8643932352
2002-04-15,0.152184201137,-40.94106015,78.5984842528,-27.7706814662
2002-04-16,0.381819236766,-40.6443477294,75.6038345756,-28.4756846493
2002-04-17,1.0694348894,-41.6240759739,74.1576842358,-28.6779878553
2002-04-18,-0.0076783145324,-40.5306006787,73.6647413199,-25.7167127362
2002-04-19,0.518019557023,-40.1785816678,74.0903814743,-26.2644684095
2002-04-20,0.878942204173,-40.9752586507,73.1354336044,-26.2858292055
2002-04-21,1.22150100099,-42.5000302458,74.1472719386,-25.6681128091
2002-04-22,-0.610393805474,-41.8481442556,74.0665235473,-24.4826551884
2002-04-23,-2.06520614215,-41.5053197571,73.6185409354,-24.6352723646
2002-04-24,-3.22113882363,-42.2442511565,72.5702751136,-25.2468864141
2002-04-25,-4.52190349782,-41.5554576741,73.9429462306,-26.749990489
2002-04-26,-3.68051514483,-39.2067634434,73.875916973,-28.0750816702
2002-04-27,-4.54955960896,-40.2471392533,74.9830431912,-26.740256229
2002-04-28,-5.56351795498,-39.5871037671,73.5088266841,-26.1242387517
2002-04-29,-5.358786243,-39.2158817171,73.4135222627,-26.9240964579
2002-04-30,-4.86954597358,-40.4689032757,75.6831204237,-25.6315152862
2002-05-01,-4.62698746044,-38.6729385255,77.1717017305,-26.5959045737
2002-05-02,-3.68284437222,-37.4913842864,76.6342404002,-26.0212845767
2002-05-03,-5.1420780152,-36.2228005577,77.6618763196,-26.7505079535
2002-05-04,-3.88178906336,-36.2552767422,76.497533423,-27.162837447
2002-05-05,-3.60816545882,-37.2612259243,76.2083717843,-26.0264823175
2002-05-06,-3.87028910532,-38.4152582423,77.1347301561,-24.8228792168
2002-05-07,-2.79034234572,-40.2036171197,78.4487138544,-24.6426285466
2002-05-08,-3.26076473572,-39.9784610075,77.7554632819,-26.106880485
2002-05-09,-3.73422469225,-38.5780865937,79.3558341779,-26.1734871202
2002-05-10,-1.87814754037,-38.6857080039,79.7288283608,-27.8848603812
2002-05-11,-2.52490115329,-39.6007790433,80.2591344891,-29.0073916239
2002-05-12,-3.20946529552,-38.1204527601,81.1976566339,-29.6396204774
2002-05-13,-3.57360412622,-37.2268752235,80.9438979577,-29.8771825712
2002-05-14,-1.290752375,-38.8286264628,80.075919658,-27.8572790398
2002-05-15,-0.492237125321,-37.7350362298,79.5758364001,-28.2162971405
2002-05-16,-1.0622109841,-36.5525995032,80.5623299473,-27.5968155319
2002-05-17,-1.59602411683,-36.4145478145,78.8694639549,-28.1701394113
2002-05-18,-3.65846918746,-36.3496930854,78.2365352863,-30.7203005316
2002-05-19,-4.05150509126,-36.5875242939,78.5597715122,-30.6377091005
2002-05-20,-5.72120177999,-38.1257182335,78.0811070576,-30.9293077314
2002-05-21,-5.65499110702,-39.8640695874,79.1155649924,-29.9924624891
2002-05-22,-4.97247343588,-39.8445916666,78.9486579177,-28.6520608346
2002-05-23,-3.61895704209,-40.2662285873,79.8686378705,-28.3439607344
2002-05-24,-4.83465306799,-40.6736155654,81.4119860699,-28.0599540681
2002-05-25,-4.83318653068,-42.0599145309,79.972199794,-27.7481857431
2002-05-26,-3.83719804096,-42.7897128765,80.634306863,-26.9769791412
2002-05-27,-2.8583521009,-43.4378197623,79.4396877559,-28.2471245252
2002-05-28,-2.50680632016,-43.7422577598,80.1451245696,-29.2465639157
2002-05-29,-2.42835784639,-43.0716697785,79.9926233833,-30.5695320742
2002-05-30,-2.86501591709,-41.8060822384,79.1024359384,-32.3543285656
2002-05-31,-3.28524877972,-43.9329919611,77.9429944051,-34.3156174996
2002-06-01,-3.83419678593,-43.8077994001,78.8521306976,-36.0861119906
2002-06-02,-4.29609983913,-43.0942008261,79.2308211819,-38.5183932881
2002-06-03,-1.57906889011,-42.1713503959,79.3219788794,-39.948807138
2002-06-04,-3.10479389102,-40.2486099471,79.8510983958,-40.6602297472
2002-06-05,-2.10111839236,-38.7406088747,79.874666964,-40.2212176459
2002-06-06,-2.74663748382,-39.1968777318,80.1580264978,-39.8677874852
2002-06-07,-1.871044131,-40.1420788082,79.4623945294,-38.7360772373
2002-06-08,-0.654264546968,-39.969562638,79.5634858367,-39.0872643758
2002-06-09,-1.21413170776,-40.1558185821,79.8679231579,-38.6857152032
2002-06-10,-1.70616197306,-39.9843284187,78.9798814549,-37.0183105116
2002-06-11,-1.8799339178,-40.9438262536,79.7624763975,-36.341348978
2002-06-12,-2.05410200407,-41.760653271,78.803968293,-35.7231624627
2002-06-13,-0.871650678695,-41.7839353328,78.1965258233,-36.6887488353
2002-06-14,-1.16715242385,-40.0978251852,78.9515913281,-36.7674846517
2002-06-15,0.194711928293,-40.1357771681,77.8271532152,-35.3053444884
2002-06-16,0.498302384934,-41.3347470167,77.4468050453,-34.8146133689
2002-06-17,0.964444560723,-40.8521312685,76.0710571118,-34.7773555048
2002-06-18,-0.244154560488,-40.8009702099,76.2743730319,-34.4029927469
2002-06-19,2.75304611731,-41.5052461546,77.8879982912,-34.6009106448
2002-06-20,2.61355450467,-39.9967370057,78.9229295342,-35.2282168302
2002-06-21,3.79289729184,-40.0215393244,78.4149896675,-35.0828822649
2002-06-22,4.49014973306,-39.3314365238,77.0053926317,-35.9310777251
2002-06-23,3.86463701907,-40.4854606847,76.0434034529,-36.7494491338
2002-06-24,2.74485330089,-40.0948437742,74.2689877917,-36.5380019215
2002-06-25,1.47335114736,-40.2715070715,73.8468191568,-36.2451089897
2002-06-26,-0.428184006926,-40.2151459048,72.5455964177,-36.0327686398
2002-06-27,-0.579230673674,-40.5070516185,71.9110801085,-36.6624058449
2002-06-28,-1.22330924662,-40.593087899,70.9326028918,-36.0966223962
2002-06-29,-1.33508255197,-41.3818103744,70.0108065105,-36.8336435377
2002-06-30,-0.677601734898,-39.5126312986,69.4025478261,-35.0258873775
2002-07-01,-1.6857928901,-37.4044156973,69.7550502165,-35.8246443456
2002-07-02,-0.678136156355,-36.8706008008,69.0661110514,-33.447942164
2002-07-03,-0.0826193225578,-36.2871559306,68.0319311384,-33.0659406531
2002-07-04,-2.28074583762,-35.5160810799,66.9311534051,-34.3358801836
2002-07-05,-2.01831684749,-34.7439138805,65.7743978774,-35.7645853131
2002-07-06,-2.88204510064,-33.4409770934,67.3714353945,-33.6728205893
2002-07-07,-2.05548379047,-32.971043137,68.2106973651,-32.5869987761
2002-07-08,-2.3838184647,-34.2483325812,68.3673251771,-30.498844654
2002-07-09,-1.67793554928,-33.9308719433,67.5784222097,-32.2324370294
2002-07-10,-1.12714241081,-33.140056823,68.6852977358,-31.1365865619
2002-07-11,-0.51724322926,-32.6692497305,69.5571331183,-30.2828750744
2002-07-12,-1.18295526777,-33.2373958955,72.2067343011,-30.2860400315
2002-07-13,-1.08678883305,-35.0209079643,71.8003945077,-31.3860146389
2002-07-14,-3.26530488193,-36.0374986817,73.2054467213,-31.753322203
2002-07-15,-4.02414923771,-34.5844570355,72.8922322994,-32.8911949495
2002-07-16,-4.94856225021,-35.1087436185,74.1147091402,-31.62052628
2002-07-17,-4.41862449492,-33.5219940712,73.8882166026,-31.4678919966
2002-07-18,-3.27204626869,-32.7269477919,75.0512084498,-30.4798062912
2002-07-19,-3.3175764029,-32.5912378858,75.5247955864,-30.6842121465
2002-07-20,-2.23114051033,-32.5267342562,75.7504328118,-31.6380113493
2002-07-21,-1.21734952242,-32.6650434166,75.7514814986,-30.9835795129
2002-07-22,-2.32958330871,-33.9639776321,74.5054582843,-33.6115437235
2002-07-23,-2.506007599,-35.0947170088,76.3666187011,-32.7366099604
2002-07-24,-1.51359221507,-35.0044398331,74.2539305915,-31.6101840662
2002-07-25,-1.47250527447,-34.5576882196,72.4168445364,-34.2259084937
2002-07-26,-0.377158504683,-33.7743182539,72.7722002811,-33.9747052274
2002-07-27,-1.67884484895,-32.806992139,71.9092879217,-33.1191129735
2002-07-28,-2.08581721378,-33.3883994359,71.8793924362,-32.9206591808
2002-07-29,-0.983858795449,-31.734436734,71.5919812006,-32.4973780958
2002-07-30,0.420576844565,-32.4192453919,73.1368149003,-33.7865779244
2002-07-31,-1.51373073756,-32.9216392256,72.6785263505,-33.6096089543
2002-08-01,-0.716624530455,-32.4963708346,71.6383806397,-32.142903531
2002-08-02,-0.275266961002,-30.4343873321,71.409746636,-32.881101915
2002-08-03,-1.16694896842,-29.9590552594,71.6932769156,-33.1074757426
2002-08-04,-1.94955235173,-28.3583255672,71.9345400601,-34.3645024948
2002-08-05,-2.25809859459,-29.7935632338,72.7239295349,-33.6029338561
2002-08-06,-3.38287271323,-29.7907255776,73.4545999915,-31.6993785987
2002-08-07,-3.69104061522,-29.4868114455,73.8347348104,-30.8902597592
2002-08-08,-2.78962718755,-30.1096050932,74.7189585879,-29.8673071982
2002-08-09,-1.82371760471,-29.0540840385,73.8727213648,-31.0202675833
2002-08-10,-4.84134436455,-29.3856955474,74.1454105937,-28.6615087965
2002-08-11,-4.8732649827,-29.3803184432,74.0376352556,-30.2019171284
2002-08-12,-4.75478383785,-29.7049038865,73.6438990529,-31.0970718286
2002-08-13,-5.95108276353,-29.7930852593,74.2506781171,-30.5462137825
2002-08-14,-6.4074874062,-30.5025395735,74.0560555256,-32.1036097584
2002-08-15,-4.88708634453,-30.3157909434,73.0861847429,-31.3469951955
2002-08-16,-3.42784760698,-31.0937944548,75.1144587119,-31.1677276296
2002-08-17,-4.5270814289,-31.0074376408,75.1534841977,-31.9501358596
2002-08-18,-5.7792152204,-31.3793802345,74.0018681497,-31.9631049925
2002-08-19,-6.19642127501,-31.7178177486,73.317225103,-31.9126156601
2002-08-20,-6.71431952448,-30.1023652859,73.7982042423,-32.0346278562
2002-08-21,-7.08721726788,-31.6991728516,73.4919853294,-30.9952705915
2002-08-22,-6.32550857493,-30.9618714617,74.0803666335,-31.0180103074
2002-08-23,-4.96653920869,-31.1028066297,73.5447164392,-32.057257758
2002-08-24,-5.56124849707,-29.9908682693,74.6667599356,-31.7943009355
2002-08-25,-6.14752953268,-29.3017689752,73.4507300305,-31.8803647288
2002-08-26,-6.10781858346,-27.7374973463,75.2426721263,-31.4244607981
2002-08-27,-5.50704178294,-27.1416638364,77.4115548984,-32.8323620645
2002-08-28,-4.63912124167,-29.9178667095,76.3989982438,-32.8602996328
2002-08-29,-4.84728186128,-31.6235888174,75.8183990526,-34.5597894609
2002-08-30,-5.29966665133,-32.4594470717,76.3705778433,-33.1519826245
2002-08-31,-4.59950568391,-31.3642381771,77.0353313194,-31.3335701846
2002-09-01,-4.79770074694,-32.3653428816,77.8996138251,-31.7780576676
2002-09-02,-3.22612839421,-32.1849138684,78.3197770558,-30.9874117759
2002-09-03,-1.75860452272,-32.0344951417,78.9540087368,-31.0884304747
2002-09-04,-1.94074436762,-32.7640589914,78.8347894285,-29.977988327
2002-09-05,-3.0370704553,-34.4056161737,78.8657829943,-28.1275903873
2002-09-06,-4.78906207407,-35.2533736444,78.7059519052,-29.7418010052
2002-09-07,-3.51967817381,-33.8154592431,79.27539895,-29.5416176951
2002-09-08,-4.28665492538,-35.1234275544,78.3053761233,-29.563644141
2002-09-09,-4.4390633778,-34.1084636921,79.4164763604,-28.9355628544
2002-09-10,-5.20740524343,-34.4544598608,80.7214923473,-29.1820133065
2002-09-11,-4.77276484523,-34.9249415453,80.1377357535,-26.6577688426
2002-09-12,-5.40475795931,-35.3340100854,79.3839769006,-27.0748945493
2002-09-13,-5.41065113657,-35.3364876119,77.8359517029,-28.0275491884
2002-09-14,-4.88470824575,-35.1579756879,78.718845015,-26.9917104885
2002-09-15,-7.16256868511,-35.6661034562,78.6582170139,-26.2770630472
2002-09-16,-6.08462842611,-36.257058363,77.1620623401,-27.4027599761
2002-09-17,-5.7419865809,-37.7437083186,77.5309641925,-28.3194903904
2002-09-18,-6.15175142725,-38.5398617726,76.8551747819,-26.9598946056
2002-09-19,-6.72211009559,-37.5468700106,77.6171492978,-25.5850992004
2002-09-20,-7.37649511884,-36.2695011466,77.3911936603,-26.5268709342
2002-09-21,-7.7966981648,-35.3248541382,78.7375276946,-26.0211490727
2002-09-22,-9.61233858397,-34.7976297115,78.3787457316,-24.8238136119
2002-09-23,-10.4725612404,-33.3591733971,79.10440385,-23.3929541736
2002-09-24,-9.78893063331,-35.1785021534,78.9788422697,-24.409156934
2002-09-25,-9.53851836687,-36.7296000686,79.7944138107,-24.449331654
2002-09-26,-8.27647541383,-35.7455704231,79.403086178,-22.8629836672
